theta_deg,thickness_t,length_l,height_h,relative_density,is_dfam_valid,poisson_ratio,e_effective_gpa,sigma_y_effective_mpa,m_total_kg,fn_estimated_hz,peak_3sigma_stress_mpa,margin_of_safety,fatigue_damage_steinberg,is_nasa_gevs_compliant
67.04350970600031,1.2148830305428642,4.8558398972512276,11.331260846107275,0.42709042192494145,0.0,-19.69824658970268,12.403623538001668,19.25878294882936,0.18195989282348712,773.7706724641623,57.641064955872146,2.192168641243245,4.427256731973866e-05,0.0
60.09923755640558,1.205959449328557,8.47125952674731,13.316133442485004,0.20912886729751778,1.0,-8.507712194575033,2.973972053325711,6.598877533992079,0.13400835080545392,606.1019653352195,106.12480302484394,0.7338076939179372,0.0022011288271887672,1.0
60.48916772662549,0.842697304934213,9.374740854391984,7.743762296364331,0.15201100355131436,1.0,-6.083895480518832,1.5712994736460841,4.089419183886006,0.12144242078128915,576.3933181564036,136.1311983830352,0.3516372601251576,0.011380882681727825,1.0
59.6748608019457,1.0393476189229354,5.952792051725357,11.650044971465682,0.24259741565643192,1.0,-9.549128035661003,4.002038413656213,8.244766222533636,0.14137143144441502,627.9151159320311,93.98579252077373,0.9577427083921262,0.000998317813019996,1.0
79.58907924908786,1.227808698362457,8.72172425710448,8.209619153605443,0.5952109544279182,0.0,-57.973961374427255,24.09077345842754,31.685127858676665,0.218946409974142,914.1149382445998,42.621719007209215,3.3170478405358894,6.7148484200558715e-06,0.0
68.58934466396978,1.6740664268878387,6.097675364898858,14.595747835691952,0.496943461366235,0.0,-23.226559998972558,16.79279065803652,24.171831698763313,0.19732756150057168,832.435606871114,50.279419981192376,2.6595489778686274,1.8808288542448832e-05,0.0
72.15188583603864,1.580907367478962,6.341483654321512,13.903457160918148,0.5422542366287357,0.0,-31.86113571614243,19.994696685643277,27.55202485122617,0.20729593205832186,870.3103455797416,46.4327619782631,2.962719255988632,1.1445261908886917e-05,0.0
55.33159290518308,0.692993341170155,5.169274780840517,13.170581115735516,0.159010647228337,1.0,-8.56693093283882,1.7193382433742752,4.375104178006291,0.12298234239023413,579.3893563591996,131.57224459458845,0.39847123963687325,0.009074704890284368,1.0
75.4772012432111,1.1122085502155676,8.356214419642033,12.167546428282325,0.378360796717686,1.0,-37.318373756890814,9.734668689513265,16.05862245138685,0.1712393752778909,733.1467048239783,64.19821844276767,1.8661231489474264,8.72754292611796e-05,1.0
77.16616612631677,1.5266884612375424,6.877770071845829,9.479514907860821,0.7172906671073346,0.0,-46.5048493314073,34.98640127611139,41.917161020910314,0.2458039467636136,1012.4254162566153,35.840394232441625,4.1338720999181655,2.2889842216891886e-06,0.0
62.93736577288737,0.6328761397725386,6.050063223710268,14.736222722208655,0.15330757943914097,1.0,-14.309865044973531,1.5982185461172194,4.1418515655721295,0.12172766747661101,576.9325219650418,135.2630338517801,0.3603125315200706,0.010906563532820424,1.0
71.90944666680615,1.6162013325293083,4.49552972315544,10.191651350885126,0.7676943865739617,0.0,-31.720536822873964,40.07611764004765,46.41214477514183,0.25689276504627157,1051.7725650137593,33.63114685820652,4.471118804713053,1.5428017175088149e-06,0.0
76.1746789611349,1.025043038606869,7.152216698399201,13.568231241695836,0.4074606960324111,0.0,-48.771460883973845,11.28964687916275,17.946413697945907,0.17764135312713042,757.3408033973244,60.11445406897126,2.0608279298168597,5.766241068863741e-05,0.0
68.02624605159228,1.7895198060234445,7.1057957600375445,11.857988644062456,0.47556028954971113,1.0,-17.1952157435513,15.378716051769146,22.628588503533663,0.19262326370093646,814.4839526017789,52.32511007169399,2.5164761191689764,2.4135506914476834e-05,0.0
62.09368131505338,1.6350987868765372,8.546561202597605,12.054079429498058,0.3038377158403148,1.0,-9.255174886545943,6.2775803145600735,11.556108599336527,0.15484429748486928,673.0773585081604,77.71924463928717,1.3674959896224697,0.00029390307708546137,1.0
78.42409705750057,0.9562155181866772,6.259019368439494,11.505720108907145,0.5185033272235029,0.0,-68.55782085287134,18.281507623245318,25.761812328369952,0.20207073198917064,850.4925522046659,48.3726280623659,2.803804080331801,1.4773834448378546e-05,0.0
67.71227579324115,1.3670999143972633,8.634201368297417,8.886764528845314,0.3235218683862636,1.0,-12.573440394878261,7.117315154041443,12.697100402301366,0.159174811044978,688.5606131715806,73.62353406189838,1.4992008648389996,0.00020806562572314887,1.0
79.38311126721248,1.458601762878828,4.1120197581555225,11.69186324506197,1.2185406468651254,0.0,-110.78932558343904,68.0,69.0,0.308,1223.4337795312715,26.19047619047619,6.025454545454545,3.27718093986417e-07,0.0
73.61532843166245,1.681044122829294,8.335732425720234,11.993915317285154,0.5125615742129539,0.0,-28.91539585360881,17.86491698045698,25.320259828852137,0.20076354632684984,845.5217290714353,48.88353783934424,2.764048351097583,1.5775223541875203e-05,0.0
77.51792683081578,0.9110129241934858,6.391909833141042,12.138703785531948,0.44709322642670485,0.0,-60.09920094508883,13.592680011931574,20.627482441624128,0.18636050981387506,790.5615693623635,55.321614815958085,2.3260055877277703,3.4210981734988726e-05,0.0
68.25993827915208,1.6220421842631518,9.376474394688223,11.814294944932017,0.34779490799240875,1.0,-14.819814913249207,8.225368265730468,14.1525246393128,0.1645148797583299,708.0803611613296,69.13110109625835,1.6616095662037536,0.00013944631515437896,1.0
72.48745620408374,0.5441464386574479,5.015837124224123,6.267720029616198,0.26586791057025405,1.0,-23.204075117278283,4.806630719227497,9.459059874312493,0.1464909403254559,644.4219146796704,87.0617086438211,1.1134434743609725,0.0006088916743927538,1.0
58.819643466571456,1.4567248088813736,6.524747436334221,14.999813336141866,0.29384058644378486,1.0,-10.068212177223012,5.871275736430663,10.990482621742144,0.15264492901763266,665.3606553864824,79.97892361812856,1.3006061056602332,0.0003530496282930486,1.0
64.23103236729001,1.703617861972207,7.234675634141056,9.509506102056141,0.40525466519747566,1.0,-10.553959990645899,11.16773136917363,17.800865768559632,0.17715602634344463,755.4988013605919,60.40575111530451,2.046067578048565,5.944440890767399e-05,1.0
75.37774048382411,0.723485168291184,9.108655129633508,11.021206076906633,0.23190209374373447,1.0,-33.06288939795193,3.656943513625491,7.705593513248286,0.13901846062362158,620.6697984495736,97.55159897818677,0.8861812817762598,0.001271157458096466,1.0
64.6971826426061,1.188540195211409,7.365920329053427,6.051183578257724,0.30865159708320294,1.0,-8.539991323165653,6.478074969976806,11.831828976513687,0.15590335135830463,676.8304656739521,76.67608404269932,1.399705231393067,0.00026959526223530516,1.0
65.45007411862024,1.6689271471829117,6.848028379812352,13.922405727169252,0.4019577175125756,1.0,-15.505167932552139,10.986760453418526,17.584079877578088,0.1764306978527666,752.7479293821857,60.84639986092243,2.0240080008114147,6.222883501907832e-05,1.0
77.81438975025513,1.7224410602160214,5.755104707282999,13.401346438721387,0.9282201036682064,0.0,-72.53101326890771,58.58829413805948,61.70573733159876,0.29220842280700543,1172.055839920309,28.112282600693185,5.545181784543635,5.081439033959881e-07,0.0
66.80139362877082,1.3972884008927164,7.174603660614442,7.6282068398000344,0.381983781209431,1.0,-11.742302769585518,9.921989419279702,16.289827143125827,0.1720364318660748,736.1446724137228,63.65979741880093,1.8903642088194657,8.275452634601763e-05,1.0
67.12296560299988,1.5025707108923259,6.8113277079096015,6.094953923288246,0.4522349410248218,1.0,-11.071976374173971,13.907118048093237,20.984337473514895,0.1874916870254608,794.8818323719568,54.75525048871675,2.360408332675171,3.207322832844289e-05,0.0
63.913182221778655,1.1392084486695433,6.718804498398382,8.089830004630144,0.29384727010621803,1.0,-9.764110303403132,5.871542834123612,10.990857606156743,0.15264639942336797,665.3657775110049,79.9773689973021,1.3006508254379678,0.0003530056831847503,1.0
72.86776586736129,0.7798774320712106,9.728193677136382,12.875329935645109,0.19842231371846472,1.0,-25.09908489750053,2.6772561915344406,6.098666077354132,0.13165290901806223,599.7165536677282,110.69859059104311,0.6621711172435458,0.0029017308525580107,1.0
68.31218325046285,0.9577922477814462,5.2218478458444455,7.096884182844456,0.36429584227734574,1.0,-15.569702742335869,9.024379327638131,15.171566069684756,0.16814508530101607,721.5573717613609,66.37768761770587,1.772015817419332,0.00010778694063193416,1.0
79.05063299316207,0.834738052174795,5.924860537790181,14.456283193377265,0.4812304787621453,0.0,-93.11668415615604,15.747628610895763,23.034499443103673,0.19387070532767198,819.2470656885343,51.76660809086018,2.554414839717627,2.2568245024047416e-05,0.0
76.86942624356429,0.6406532320560321,5.237009896838817,14.909120202236386,0.3415640766362784,0.0,-72.0999501615137,7.933289254490756,13.773914194729517,0.16314409685998124,703.0314545185431,70.23116174557707,1.619919640039099,0.0001541425792313147,0.0
79.65811166092209,0.8177682679137956,6.032833386429843,11.942171909468673,0.507015265198797,0.0,-90.45382478034112,17.480384581833242,24.910396691592986,0.19954335834373532,840.8777070993013,49.370280705296885,2.7269385016937697,1.6782001811383728e-05,0.0
73.519977565166,1.4239115892690708,5.894870139243654,11.069599687659377,0.5819908700624817,0.0,-33.8020506903032,23.032509352853744,30.635385408867155,0.21603799141374597,903.2360282852347,43.51328682530052,3.2285934578726057,7.637917608999874e-06,0.0
79.18041245261823,1.0861089426208208,4.158641451589292,11.567334614268017,0.8837595133755267,0.0,-104.91126417734033,53.11009966875885,57.325815756684854,0.28242709294261586,1139.4994352472652,29.45083782931208,5.247700016767161,6.778335049506341e-07,0.0
60.17154071296158,0.7016233475503084,9.286122566344657,12.760143253712663,0.11432078974855692,1.0,-7.859990040280258,0.8887085218738955,2.667085355132143,0.11315057374468251,564.2461399669648,167.35557346140072,0.0994554659539808,0.04536978187398819,1.0
70.97389840039155,0.6241003740498894,6.703011475765935,10.947414115086321,0.20120943831751012,1.0,-22.93771130621275,2.752996188627258,6.227612960700704,0.13226607642985222,601.3475326515659,109.47040917006484,0.6808195145607951,0.0026970453137614685,1.0
72.91310577515573,0.9770450436360778,5.9996917878802725,10.55896572279288,0.38366825196570997,1.0,-30.06913979946577,10.0096902745168,16.39769808235218,0.17240701543245618,737.5401326000969,63.41252760687314,1.901634849516023,8.074598997745943e-05,1.0
62.512375380365036,1.0501645322789543,6.783427081376601,9.954824244136677,0.24697270166429194,1.0,-9.80505549101851,4.147695044980436,8.468812537357806,0.14233399436614422,630.944856594294,92.60110389232656,0.9870173493174443,0.0009068306439745,1.0
63.49275625510065,1.7274546112910811,5.089592227243927,13.150718355943386,0.501032839667127,0.0,-15.628186187553325,17.070305636893536,24.470811914149603,0.19822722472676793,835.8645598533747,49.90628147791056,2.6869106363182316,1.7952966489676292e-05,0.0
55.7397578193825,0.5896195827822948,4.256450265298264,12.240516250854093,0.1620314122687724,1.0,-9.655141455535501,1.7852841422032766,4.500366847490011,0.12364691069912992,580.7453756424877,129.69776367447298,0.4186829039074229,0.008250334290108744,1.0
78.8300948691781,0.7684338684215513,9.688557461976323,7.139851065397183,0.3261280846770206,1.0,-44.91289053267457,7.23244787782693,12.85083627642862,0.15974817862894453,690.6359368896868,73.11339174157688,1.5166388211117008,0.00019905503838846297,1.0
72.74885840453516,0.5824622515840491,9.793601474707234,13.980186750790107,0.14425302143302862,1.0,-25.871104544617694,1.4150075250939314,3.7803888041839153,0.11973566471526628,573.3227833699191,141.56793957246632,0.29972930704280976,0.014774250749798035,1.0
63.86628642127636,1.3684234006496863,9.565002582719739,7.078581130650239,0.27169661085293495,1.0,-7.578835053133125,5.019695287730039,9.77181918521837,0.14777325438764569,648.6960042434048,85.48427018577374,1.1524427780705464,0.0005412679447141342,1.0
78.6955623257047,1.1474760725790052,4.590645458666398,13.105352843575501,0.8070412183951661,0.0,-97.87948500346897,44.28945591683528,50.02564133562059,0.26554906804693656,1081.961617531773,32.08713817929846,4.73438487944402,1.1529418874826246e-06,0.0
71.1286446226882,1.4915218944766948,4.922654629273503,8.93130294363051,0.6471711800834596,0.0,-24.969204425755247,28.480476470482007,35.9234339216663,0.23037765961836112,956.4553982306156,39.44511876797306,3.66470898674024,4.149194694913579e-06,0.0
70.0924808429312,0.5365539579034688,7.9344624999864575,13.553236426602734,0.1390336434897006,1.0,-21.477352840387102,1.3144640734974393,3.5770824180854444,0.11858740156773412,571.4129231402569,145.47674949458573,0.2648069237129058,0.01772112667044167,1.0
57.40248594913862,0.6112870488992777,5.988495625027534,11.742207443330738,0.13385673966768383,1.0,-8.137166448370671,1.2183986193034215,3.3791654399850533,0.11744848272689043,569.6484306190431,149.57297757865996,0.23016873086741207,0.02133797103365798,1.0
67.65551980423268,0.8582573013831952,4.03173317617175,8.726516631352167,0.3773993321276617,0.0,-19.769993848813947,9.685257400547545,15.997450743634982,0.17102785306808557,732.3519165660252,64.3426368101715,1.8596900767814457,8.852315880698314e-05,0.0
63.063397511168105,0.9974923866060506,8.237069161648993,11.92054954072033,0.1970134809436235,1.0,-10.159999117258277,2.6393731937995977,6.033829130165651,0.13134296580759716,598.900808504985,111.32995614225764,0.6527447452227901,0.0030120461809563658,1.0
70.21058974037507,0.6260358234894752,6.627755782146219,10.435757825105256,0.198225674362061,1.0,-20.64931807143077,2.6719524223879816,6.089602525589036,0.13160964835965341,599.6023420413354,110.78628377453255,0.6608554211861537,0.0029168423194781286,1.0
65.11403395970639,0.691634461874086,9.343172860002756,7.610827338340116,0.1437841575514544,1.0,-8.819911282392834,1.4058241094691395,3.7619727596271844,0.11963251466131997,573.1459808604932,141.9104654759927,0.29659218143518573,0.015014407784920202,1.0
73.04191143193162,1.5158097634017296,5.904018670407011,6.364721586090649,0.6658505711932671,0.0,-22.87557459135197,30.1482748547712,37.48989772963311,0.23448712566251875,971.5015676635104,38.41583859346461,3.7896910945294966,3.5209392894789164e-06,0.0
75.89662319121432,1.175237392289949,9.645860920018382,10.687149011887128,0.373953180242715,1.0,-33.93921930755264,9.509186708927555,15.77883508920552,0.17026969965339728,729.5060974745965,64.8656532880733,1.8366321878058023,9.316963848094677e-05,1.0
58.75960425532344,0.5119545069858183,8.869904124046133,8.758565699380231,0.09022570588512359,1.0,-5.856595199279,0.5535661041678801,1.870012559744692,0.10784965529472719,560.6635726317057,196.11240197662966,-0.06176254971408213,0.13252005560766258,0.0
79.99330232216002,1.4338696653045924,7.718172987987964,9.626901712806914,0.7777108152229265,0.0,-72.8011485467974,41.12871962380021,47.323439126604754,0.25909637934904384,1059.5016397552765,33.224164157615185,4.538137818218853,1.430652428507593e-06,0.0
75.9804360915613,0.9336640883522888,6.492239749258287,12.22420876392724,0.40395594661009754,0.0,-47.16788342559983,11.096267662512878,17.715364777987386,0.17687030825422145,754.4148925910335,60.5785653990336,2.0373779700457435,6.0523525097738447e-05,0.0
70.34673816015552,0.5534290902639264,4.7434769063383495,6.333813113906972,0.2540612590599993,1.0,-18.957240031760147,4.3892043881503415,8.836021414765177,0.14389347699319985,635.9288650152173,90.44230128170825,1.0344462424378134,0.0007785388983260295,1.0
66.57847634492522,0.9414100993232938,4.5218797966187125,14.67998607330962,0.329951530453678,1.0,-24.183138477253333,7.403024846513259,13.077487435814293,0.16058933669980915,693.690156051391,72.37765292631893,1.5422211492173359,0.00018664698135908,1.0
57.6017836783977,1.5461754871460855,6.0823520134854885,12.982417679742815,0.329254479502191,1.0,-8.760979069783728,7.371778834513592,13.036068357050553,0.16043598549048202,693.1325100270153,72.51067946803548,1.537557244669205,0.0001888402496433291,1.0
57.01091439967657,1.3896410202744258,7.138302162207103,8.849559231168797,0.27864697424495577,1.0,-5.880755398897591,5.2798012653990956,10.149171424747236,0.14930233433389026,653.857066654265,83.67641315785546,1.1989470276753402,0.0004717679882540186,1.0
73.88294286148827,1.1621780200804375,8.883534583142616,8.023116011361168,0.3670254087563173,1.0,-23.2356116181795,9.160120245746441,15.342399504386467,0.1687455899263898,723.7998682670451,65.94322413594041,1.7902790985877233,0.0001034000080773738,1.0
77.27968170883251,0.846931723567736,6.602954852668343,12.490487860328106,0.39533764360743745,0.0,-57.68306490297939,10.627845966809524,17.151469870904762,0.17497428159363623,747.2323636778774,61.750899333902005,1.979713688137036,6.829279600172051e-05,0.0
58.32326407419664,1.1073986443510766,5.613765430627576,11.887058088744947,0.2605251930089152,1.0,-9.161213279032273,4.6153895810786105,9.175371982865958,0.14531554246196132,640.5503156267683,88.55964224200797,1.0776958368596503,0.0006796759790703337,1.0
55.853076959059905,1.4151934655243472,4.231475660664623,6.427781720377227,0.4467487659392072,1.0,-6.163839460082848,13.57174327103791,20.603648540240183,0.18628472850662559,790.2721793090018,55.35997648228781,2.323700833920513,3.436004003626366e-05,1.0
69.66060158207,0.605541082696458,6.310943683266456,12.363379656818275,0.18864784102039875,1.0,-22.48183777524049,2.4199845386727197,5.653623059374885,0.12950252502448772,594.1815352803849,115.23255304727185,0.5967710090092135,0.0037772460151348913,1.0
69.9867738953776,1.6045212981458827,8.086187401832856,10.525493671938335,0.427053139189904,1.0,-17.980045759581447,12.401458091052703,19.25626121902146,0.18195169062177888,773.739412183417,57.645569729817616,2.1919191858524485,4.429431107258733e-05,1.0
57.56031071573387,1.0987114706457541,4.302063072978306,7.158306500442816,0.34779103278165585,1.0,-7.3558138825177934,8.225184968866495,14.152288103951163,0.1645140272119643,708.0772136804267,69.13177455936902,1.6615836375208968,0.00013945493306204962,1.0
65.74125715692736,1.75098933403404,7.969839577317401,6.228876574734935,0.43921538538849075,1.0,-9.14514693359029,13.117890523813312,20.084702712288717,0.18462738478546797,783.9448588822473,56.21245942247294,2.2732956695084474,3.7817426983160763e-05,1.0
57.93741840434072,1.7115874161937672,5.685252558611071,10.33722257733912,0.4061639078369875,1.0,-8.016827637575402,11.217900162000076,17.86080726700455,0.17735605972413726,756.2578773434881,60.28534815566177,2.0521512378911164,5.8702262323603054e-05,1.0
77.64258820863735,1.2472445812526276,7.907585344402068,6.869307334325481,0.5728077166200405,0.0,-39.36185318936946,22.311390254923595,29.91316597489838,0.2140176976564089,895.6558902375385,44.154880015362856,3.1671498130213616,8.366451078571062e-06,0.0
55.965193102558,1.2518951067701496,5.004653678063065,7.23384346927656,0.33856369394014246,1.0,-6.015955904093155,7.794525490098823,13.592823178465244,0.16248401266683132,700.6090177499108,70.77346759071197,1.599844352181317,0.00016186010553009933,1.0
66.28674906317524,0.5592403192831933,7.628024788472266,13.211099995342302,0.12848613213684357,1.0,-14.987468352332872,1.122590658301077,3.1778505869997025,0.11626694907010558,567.9601384898656,154.07359479848003,0.19423448411560784,0.026026429382825438,1.0
60.94538968820763,1.014359553553485,7.2881801687872,6.688581943139845,0.23332436628993652,1.0,-6.64149610740099,3.7019376735128318,7.7765905485211535,0.13933136058378603,621.6195368036645,97.06189538198142,0.8956975780853935,0.0012302720138958607,1.0
70.52478395629514,1.5841839662998778,6.432067119244705,6.631808628908697,0.5672081052777066,0.0,-16.741568598868074,21.87730235910536,29.475605344522513,0.21278578316109545,891.0247907453792,44.55547450665225,3.1296833225853833,8.85038072681391e-06,0.0
77.32366623629976,1.738298707949228,9.947140260056338,6.9613810150748705,0.6416184138139769,0.0,-33.944811293280246,27.99384484827113,35.46208934492269,0.2291560510390749,951.9642516809989,39.7618100541155,3.6275559324280637,4.360490086908598e-06,0.0
55.47460142802434,1.4950999680086356,5.5321401727896236,10.790517538733168,0.33948867652024267,1.0,-7.115619185899759,7.837174181011686,13.648566198157353,0.16268750883445338,701.3551934159447,70.60539024058318,1.6060333265354418,0.00015943377103398444,1.0
64.88165687634239,1.6079492666780084,8.203319897682785,6.125320431663473,0.3838428256761213,1.0,-8.30165340547456,10.01880140796599,16.408891082765873,0.17244542164874668,737.684809807097,63.38701108435454,1.9028029063420484,8.054110263228078e-05,1.0
61.710527807985414,1.3018502909959817,7.330584061628394,12.94015960302964,0.2666349101431477,1.0,-10.372781980773627,4.834403920879023,9.50002189691123,0.1466596802314925,644.9814052478251,86.85081498931216,1.11857539877597,0.0005994522159977749,1.0
68.40665588569551,1.2904918776611995,7.8667769000154255,7.790927644642288,0.3470906784648966,1.0,-13.182726275516272,8.192091857251112,14.109561479424984,0.16435994926227726,707.5085262556648,69.25370322544865,1.6568976304560352,0.0001410226777710345,1.0
67.45944336637564,1.1679570555658008,7.5133615021637565,9.125342631463875,0.30483295326657023,1.0,-13.438949258902852,6.318772799010891,11.612934089452514,0.15506324971864544,673.8513817724237,77.5012572728567,1.3741550327654153,0.000288674536992943,1.0
62.21461732441927,1.6524996093777493,4.575966628360286,6.160136662794142,0.5809849137463632,0.0,-9.082450563337874,22.9529559600591,30.555991022569284,0.2158166810241999,902.4065824678557,43.58265847708392,3.22186269561203,7.714013698490751e-06,0.0
68.18246641904562,1.1517851208043703,4.628622179757542,14.669540054975036,0.4223258076411757,0.0,-27.541498252095597,12.128417970384453,18.937407417027035,0.18091167768105865,769.7771619852338,58.22252257893063,2.160289040217321,4.715511550335481e-05,0.0
67.83103346739242,1.3185859852118273,7.027695125981863,9.644667110563713,0.3647825537844563,1.0,-14.949210128714434,9.048509185094662,15.201980807204503,0.16825216183258038,721.9569825806856,66.29979913352506,1.7752723598669071,0.00010698902644793202,1.0
71.21438719329711,1.3265878882187918,7.058147207981123,12.45698918021103,0.40517654102744155,1.0,-24.755456138214456,11.163425999129418,17.795718594603418,0.17713883902603714,755.4335883488026,60.41611884902058,2.0455448563290637,5.9508684936455535e-05,1.0
64.59209704724874,0.6391102082321896,5.454872044623277,6.762348800751041,0.2064104148637261,1.0,-10.514781921967026,2.897157636766656,6.470629015049772,0.13341029127001974,604.4503874171778,107.24993372291591,0.7156187758154766,0.0023583342033458884,1.0
64.41655317227352,0.8928124545121138,6.926389618777918,6.664829443419428,0.23716137920601266,1.0,-9.016983401650984,3.824695345509073,7.969205787775168,0.14017550342532278,624.2031490841596,95.76496698837487,0.921370682687503,0.0011273950776599644,1.0
57.728472008233794,1.3750796125505815,4.551539707492793,11.198114160806956,0.38171353952530573,1.0,-9.804700816568765,9.907955385471725,16.272543379353696,0.17197697869556727,735.9208888782358,63.69964683117851,1.888556046278409,8.30821574308523e-05,1.0
71.5153613395192,1.0558643833536197,7.385671375278194,10.040673376190915,0.3281837413777182,1.0,-21.77478186177092,7.323910631118038,12.972529990663714,0.160200423103098,692.2766282935962,72.71597636592699,1.530393033218187,0.00019226819497142106,1.0
60.61154900636654,0.5688225050077794,6.97931194041635,11.535064105532308,0.12017467669039525,1.0,-9.13255827604211,0.9820527983995898,2.8745411781469503,0.11443842887188695,565.6466496865368,161.59866165065034,0.13862329131028117,0.03584815868781895,1.0
69.30211480163365,1.6924917821986867,7.018977711373504,8.603298483796019,0.5091467365353964,1.0,-16.18385434898355,17.627667154075816,25.067645094980904,0.2000122820377872,842.6628630751734,49.18208084410259,2.741199982636834,1.6386478736018877e-05,0.0
55.205539540916426,0.5879271370349993,4.270495171654501,12.41782095588525,0.15876361142056528,1.0,-9.404390354994177,1.7140001331684165,4.364912525517854,0.12292799451252436,579.2801131503775,131.72793770366334,0.3968183455048728,0.009146251897056566,1.0
58.21746414709359,1.5947536186874824,8.773236377428153,11.656712051910617,0.2636404322160324,1.0,-6.6761555802853305,4.726426869935834,9.34043522877581,0.14600089508752712,642.8022611386275,87.68002201023074,1.0985396191909071,0.0006373040603692346,1.0
61.80533819326272,1.3150600533369734,9.463922878173499,13.61179758126487,0.21796874517068368,1.0,-9.158406933204414,3.230705423247206,7.021670191276961,0.1359531239375504,611.6069166482273,102.62390855502112,0.792954513142029,0.0017681023661991488,1.0
65.85911438161109,0.5498718729296516,7.674684275257136,8.242906726638143,0.1355408096303743,1.0,-10.838060879305285,1.2492491531175007,3.443136212442008,0.11781897811868233,570.2079214599972,148.2153713502933,0.24143668989050426,0.02007484454492701,1.0
65.06807145267996,1.0597978838868494,8.963980702838176,13.789293822288275,0.2029310376596424,1.0,-12.477689882238701,2.800308411102106,6.3077112583350665,0.1326448282851213,602.3661836478886,108.72528834126508,0.692338579249971,0.002579011712980263,1.0
68.8393630456832,1.2763567931158772,7.196232553120193,14.828495901454339,0.33327892705370465,1.0,-21.4208653345281,7.553089338828664,13.275805235825127,0.161321363951815,696.357062340788,71.74931377363913,1.5644844573775147,0.00017657839495171954,1.0
59.831799109695204,0.5272551347204586,7.082163889472311,10.743473597633518,0.10938742826559678,1.0,-8.152794340025695,0.8136614434541535,2.496319727464685,0.11206523421843129,563.2196429458875,172.5355650646117,0.06644679275890208,0.05571823479826536,1.0
60.55045262370222,1.6560769602052772,8.933252438285425,14.09748012050477,0.2754625934384075,1.0,-8.821773916457621,5.15981554609931,9.975692158541799,0.14860177055644963,651.4840562658626,84.495117271301,1.1776406251878901,0.0005022311308953199,1.0
61.687500494223464,0.7036082961332338,5.404018387577927,13.721925546700401,0.18220326281513402,1.0,-13.383509415560493,2.257465970672694,5.3664033931254345,0.12808471781932948,590.6985087319297,118.43072171597267,0.5536509221085331,0.0045234365094342895,1.0
60.28511316268222,0.8841464346995123,7.592467909974763,12.10714794324027,0.17142439535235024,1.0,-8.706586887201489,1.9982699858904838,4.897314898844966,0.12571336697751706,585.1923106491495,124.19589068421998,0.48153049981208906,0.0061911684301594865,1.0
72.00434750620127,1.2294728840529006,8.287664481636863,7.579218201957842,0.3750805574616291,1.0,-18.589736113939068,9.566608871829398,15.850242823815034,0.1705177226415584,730.4365697075934,64.69361987341036,1.8441753662887184,9.161893792850343e-05,1.0
63.61814984095965,0.9293197448509547,4.191809008132673,10.607957866944012,0.32985030136150795,1.0,-15.546518312613918,7.398483048962878,13.07146963994202,0.16056706629953174,693.6091493306575,72.39694137777695,1.5415438345642714,0.00018696364563645904,1.0
57.82367448711044,1.4765182670107353,8.84798612582138,10.414086593450275,0.2460116421964615,1.0,-6.0392727292867905,4.115477510541585,8.419427872788232,0.14212256128322154,630.2762285198368,92.90175141742696,0.9805869877872333,0.0009260582960434966,1.0
79.72493875758322,0.6652758853687537,8.428395025663256,10.316032060795436,0.32307335543756344,1.0,-68.28102157727406,7.097594723570662,12.670705711723688,0.15907613819626396,688.2040148720141,73.71204509565231,1.4961999054731518,0.0002096638723048986,1.0
63.15712326517428,0.7830796085446379,9.76228477808706,6.464709896876003,0.15211988907307947,1.0,-6.8024081577100155,1.5735513243092083,4.093813848679176,0.12146637559607748,576.4383192844218,136.05786212388512,0.35236580325260447,0.01134014170760862,1.0
65.64162624257033,1.3604765380046508,9.32146823917525,9.340492253561074,0.27765737055348305,1.0,-10.244807824616931,5.242365848741845,10.095152886579651,0.14908462152176627,653.1181184173539,83.92913595548498,1.1923256793396684,0.00048099804894116975,1.0
56.20492541199276,0.6559724490944621,7.815439937877198,13.288593530078632,0.11029100162054833,1.0,-6.799349298025134,0.8271591426155381,2.5273140515248254,0.11226402035652062,563.3968822553337,171.5629681140795,0.07249251993385064,0.05363390958129561,1.0
79.23736141384596,0.7895079068802909,8.183639833303097,14.606921544015261,0.35329533739049246,0.0,-77.95982460046393,8.48759648868661,14.489585088325665,0.16572497422590832,712.556607300213,68.18824184265986,1.6984124392672943,0.0001278170503534412,0.0
70.65237529487176,0.9878361199042129,7.995069013260101,13.416568999995846,0.2616166711740655,1.0,-22.536464971066117,4.65414321926154,9.233093080712779,0.14555566765829442,641.337543759485,88.2494505072189,1.0849988180373837,0.0006644666679401726,1.0
69.81016719029037,1.79949328063994,7.346194646195571,8.465179222798184,0.535026466654013,0.0,-16.47472097071377,19.46522576137888,27.002998359880397,0.20570582266388285,864.289051746567,47.00642033732742,2.9143589041577598,1.2355852145795077e-05,0.0
55.08334585537886,1.4452954671483926,9.977234059709366,10.985795323207245,0.20426740228819554,1.0,-4.808110595245412,2.8373116713545907,6.370121114522948,0.13293882850340302,603.1626899298507,108.15385595055767,0.7012800734919267,0.0024915235150926003,1.0
74.10519618664651,0.6569629325937586,8.120134346349364,11.126665045963067,0.21346674669100613,1.0,-29.902462517414314,3.098627532113268,6.805255539501754,0.13496268427202135,608.7782104490265,104.37749866115745,0.7628320505870956,0.001974834868230449,1.0
72.2924841869018,1.3817232878154353,6.936480104681643,14.408454024646488,0.44065391251323444,0.0,-31.198870330865827,13.203959201699046,20.183456199562748,0.18494386075291158,785.1528045877257,56.047652527907324,2.2829207237249136,3.712697470730041e-05,0.0
64.10991131415798,1.7537298496180356,6.586899132991156,14.227877857318958,0.41451950871546506,1.0,-14.437080915971222,11.684196771188315,18.41478076919289,0.17919429191740233,763.2414453095718,59.200958160068886,2.1080578037689297,5.236513375224336e-05,1.0
74.88435749515978,1.1845951950581326,4.331970881806768,14.778118069477177,0.6482651125265626,0.0,-62.137914687910744,28.57684061609723,36.01455605348255,0.23061832475584376,957.339199184291,39.38332233225224,3.672028389268638,4.1089862694213405e-06,0.0
61.29026531439276,1.7685678170265766,4.355709538878348,12.375911655717442,0.5502556009972682,0.0,-14.132797461050476,20.58912339716281,28.164094870767833,0.209056232219399,876.9653409480562,45.81381657132617,3.0162556575817225,1.0526968234711824e-05,0.0
76.99795706805867,1.0902662067343605,9.601999983952958,10.2201063959798,0.379285828212677,1.0,-39.24378372626295,9.782326284842389,16.11754956801376,0.17144288220678894,733.9117014415225,64.05988316571201,1.8723124505866382,8.609430965284939e-05,1.0
63.28020258802736,1.2562514569629124,7.607717096373782,14.884548179242547,0.2549461794947122,1.0,-12.590793028741002,4.419833701848601,8.882226692578824,0.1440881594888367,636.5573438571473,90.1798476228388,1.0403671646191652,0.0007640591518399204,1.0
69.57794775407713,1.7741863823073745,9.17797169871201,10.782522127220052,0.41640138980425373,1.0,-16.25597918257284,11.790527985302157,18.540325149745357,0.17960830575693582,764.8161175969291,58.96208845248426,2.120649299053916,5.105018664140369e-05,1.0
58.964248327599556,1.1237908275161121,6.371233346412225,12.80381367169035,0.2392753884755233,1.0,-9.23997259095767,3.8931843840476557,8.075996754443485,0.1406405854646151,625.6396274672661,95.06512166459983,0.9355153265271376,0.0010750120542760218,1.0
69.47789963545782,0.9997356139574769,9.819790178713394,11.107424832589935,0.2198875426589141,1.0,-15.75646053812495,3.287836136327152,7.114592489193627,0.1363752593849611,612.8278773413664,101.89429170784182,0.8057930126996438,0.0016877277608089158,1.0
74.71345522084131,0.8746136112851852,5.821432744468871,12.836036364254603,0.3780023293559759,0.0,-43.985924712072936,9.71623174790097,16.035806418117016,0.1711605124583147,732.8503395686746,64.25198676226792,1.8637246764181663,8.773821169090018e-05,0.0
75.65360680359476,1.3072795463798257,5.659453808705885,12.527316525934676,0.6171497556302463,0.0,-50.215996042469136,25.899419819464146,33.45298938904864,0.22377294623865418,932.0762242874468,41.22013051480647,3.463838364944194,5.454311834949251e-06,0.0
78.35142228701903,1.2855407582563756,5.797097650711815,14.042459818824337,0.7139072194938931,0.0,-81.72468981284992,34.657119227094114,41.620927261185116,0.24505958828865648,1009.757234220632,35.999136149308036,4.111233759522777,2.352599398302198e-06,0.0
56.38575721441226,0.6843666127805411,7.8183062855913255,9.86165106377354,0.12312433362291375,1.0,-5.690461040903936,1.0308529040458867,2.981020277859419,0.11508735339704101,566.4249529778587,158.84537675621274,0.15835917769513186,0.03193849029371636,1.0
78.94627993655935,1.714283656566537,4.771684612529311,6.8138267783349376,1.3329607570172561,0.0,-64.32838447090003,68.0,69.0,0.308,1223.4337795312715,26.19047619047619,6.025454545454545,3.27718093986417e-07,0.0
76.53850894961003,0.9228253637349486,9.436812160318574,10.389796992751453,0.3141157564124082,1.0,-37.21113235236158,6.709472173004676,12.147409529137372,0.1571054664107298,681.1177393703513,75.52543254638147,1.4362654247230222,0.00024479411017496296,1.0
55.56395632712371,0.7342649945093894,6.161620443524498,14.50840707191442,0.14431563351855542,1.0,-8.200266010894524,1.4162361412946156,3.7828503509913842,0.1197494393740822,573.3464707571522,141.52232376801527,0.3001482388150618,0.014742518411955634,1.0
63.52664633175009,1.462580321914896,5.1292673704336025,8.144052064147733,0.4621426685368739,1.0,-11.184263374648902,14.523157533602038,21.677699531607615,0.18967138707811226,803.2084581009339,53.69597514412143,2.4267000367558107,2.837768289401664e-05,0.0
71.6139768410954,0.8035994227655476,5.7280124498599765,10.474666786696325,0.30654502698915653,1.0,-26.49395980060499,6.389950042881225,11.71090622352115,0.15543990593761442,675.1852518965528,77.12910829867316,1.3856103624001745,0.000279931858200169,1.0
70.84778772740238,0.989114747944298,9.146471599832662,9.426112799055819,0.2528676770506028,1.0,-17.335281965988255,4.348060222593821,8.773827047084307,0.14363088895113263,635.0833387107648,90.79872856622244,1.026460093720397,0.0007985792198394987,1.0
73.94168893685949,1.5748305865731715,7.282590973151013,14.10702667907347,0.5310162517162896,0.0,-36.397405259438806,19.174521651903618,26.69997225020543,0.20482357537758372,860.9444681864492,47.33086194881216,2.887526920574447,1.2897395583387275e-05,0.0
73.42325699405288,0.771476506815929,9.232836120406718,13.490086032403372,0.2094780300858285,1.0,-28.490166491709733,2.9839110660274706,6.615410717353458,0.13408516661888226,606.3155416689121,105.98199774718394,0.7361439103924523,0.002181834780023968,1.0
71.83675118101152,1.115170772157675,4.01565418255518,7.726174566828333,0.6081327307786935,0.0,-28.104282699685704,25.148128440615857,32.722513725584434,0.22178920077131256,924.7083548386348,41.78488428536654,3.4035062713919864,5.9358133479583545e-06,0.0
69.73663924498263,1.219649454041326,9.587755055617988,9.074503665906274,0.2871297249615724,1.0,-14.73918514881337,5.606156569042559,10.616132324754002,0.1511685394915459,660.2442160682692,81.57097391259278,1.2557043415610663,0.0004005824122104042,1.0
62.83274955644126,1.6461663700919598,6.188032020365869,6.750028352112076,0.4546369270283441,1.0,-8.451914416004943,14.055242008408758,21.15174256493608,0.18802012394623568,796.9003620706532,54.49462480270573,2.376479802662375,3.112818701074946e-05,0.0
76.3379464079727,1.342408635679909,7.411524729635714,7.968527861016828,0.576044367418941,0.0,-35.65190087989277,22.56424369998598,30.167060369394687,0.21472976083216702,898.3296632929707,43.92659918557712,3.1888059492758245,8.100804701247313e-06,0.0
66.9685743345456,0.6461827659291932,5.580659223366893,8.9949091618108,0.21107926806620186,1.0,-15.2239263887979,3.0297031037007183,6.691407211741935,0.1344374389745644,607.299142370916,105.33199439270233,0.7468576481520415,0.0020958375945332036,1.0
76.42968764745713,0.8320863757314525,6.899754990638803,8.634316640876847,0.37578766068922337,1.0,-39.25884555627882,9.602712882986964,15.895085344456575,0.17067328535162912,731.0204280882642,64.58618353450096,1.84890652970244,9.066169078160303e-05,1.0
66.49488579267154,1.129206411925062,8.52493460239034,13.66123157525438,0.23743717776118473,1.0,-14.525207470899574,3.8335961100573575,7.983111093418734,0.14023617910746064,624.3900371216171,95.67307964193898,0.9232160257475632,0.0011203949924717604,1.0
63.39163480195381,0.861442470250227,8.507660797103057,6.297529621582303,0.18952501853937548,1.0,-7.284042232240724,2.442541820359842,5.693101312384999,0.1296955040786626,594.6660994412532,114.8105536853524,0.6026401240452761,0.003687180234229118,1.0
67.34809104283,1.5321454104338375,8.610226145858189,11.792878266613272,0.33956300678824886,1.0,-14.263539680267964,7.840606419377191,13.653048926959157,0.16270386149341476,701.4151797267153,70.59191843374369,1.606530663601374,0.00015924064367947314,1.0
59.53283612050047,0.8865320896372553,6.673467556430531,11.585041994568822,0.18838603661562595,1.0,-8.709597579402072,2.4132723178385893,5.641858044524767,0.1294449280554377,594.0373893601937,115.35910571952267,0.5950192995372792,0.0038046213264458072,1.0
65.353543478983,0.9182429005047615,9.201707141346553,13.260397510120361,0.17520052809775472,1.0,-12.282020089400467,2.0872753031097857,5.060019693336635,0.12654411618150602,587.074043432179,122.11339037385756,0.5067962607267953,0.005536408343257787,1.0
64.08485604887736,1.5232590219151383,7.462178847023775,9.197321059537114,0.35409414450010374,1.0,-10.039506487473274,8.526021095509703,14.53875467408245,0.1659007117900228,713.2080879261829,68.05344837159089,1.7037571850188762,0.0001262240340906024,1.0
56.86525873405601,1.601574259272318,8.074055893946404,6.188469229982963,0.31297442662424246,1.0,-4.49506109724609,6.660803437012587,12.081263855256443,0.15685437385733333,680.2199283760746,75.76291326019089,1.4286288908676585,0.000249746579171654,1.0
79.8804391827947,0.7977538124257593,4.20410028650538,11.445943465084436,0.687925530147201,0.0,-118.21074274423576,32.180424381924915,39.369620777506924,0.23934361663238424,989.1568360640447,37.26663311745605,3.937392638075819,2.9159971740537805e-06,0.0
63.75327222760657,1.4376769502930322,6.226006383710757,9.27472267990101,0.3817477694505773,1.0,-10.944769251733412,9.909732444673397,16.274732273799366,0.171984509279127,735.9492328027894,63.69459658122903,1.8887850755965898,8.304057472233922e-05,1.0
79.46329176292676,1.0056609108357475,5.283152311308576,7.017525513792462,0.7494418919067511,0.0,-67.95640329623035,38.19309415544439,44.76679869956399,0.2528772162194852,1037.611164232756,34.398997948943695,4.348993022212444,1.7745608163457843e-06,0.0
66.12881556141825,0.5960952896828655,9.744829704165323,8.967478453796403,0.12029645474860434,1.0,-10.244678735422367,0.9840441177056448,2.8789116252230564,0.11446522004469295,565.6778331676192,161.48310333645026,0.1394380972270255,0.03567616966427156,1.0
62.37348931623103,1.0287529434598257,9.861260541195488,8.679570561356726,0.18344013371377965,1.0,-7.277334705274709,2.288219220671196,5.421140064487878,0.12835682941703153,591.3562836104029,117.80322244724928,0.5619267128485619,0.0043678010059143724,1.0
77.02024045931257,1.2603869149524098,8.13300110419444,7.377109250997469,0.5330252605848057,0.0,-36.34289376325702,19.319883132662,26.85163761960607,0.20526555732865726,862.6203398080534,47.16776760652878,2.9009690162765187,1.2622714313353983e-05,0.0
57.169479812881846,0.8709198258586853,6.562035779453714,8.547928479111736,0.1886433773196125,1.0,-6.126026218739613,2.419870018845379,5.653422400313984,0.12950154301031475,594.1790757810019,115.234708412501,0.5967411427930436,0.0037777108337565643,1.0
70.1860719068326,1.0456380000114636,6.450853848352815,10.67178657635625,0.3366871464441536,1.0,-21.249079160152295,7.708359951488071,13.479969078921911,0.16207117221771378,699.096993675258,71.11692295148896,1.587288543480882,0.00016691617133403504,1.0
64.31321028373016,0.9006525603072042,8.298063576402662,13.033619448512056,0.18085798474083434,1.0,-11.856407941755899,2.2242535238270786,5.307079845386478,0.12778875664298356,589.9889839015789,119.12085272195385,0.5446497888114008,0.004700085604652532,1.0
75.76143797405419,0.6791960019472458,8.44423099276053,14.310064528478906,0.22677288075319793,1.0,-42.68199899538901,3.4969638822670808,7.451363777956684,0.13789003376570352,617.28155042735,99.35944564063745,0.8518621839486697,0.0014323542854786336,1.0
61.50950957482299,1.3357001018163033,8.156208316274894,12.667670697638364,0.25078597001949104,1.0,-9.393903143360763,4.276764987585961,8.665705900281624,0.14317291340428803,633.6147085001838,91.42713670527249,1.0125315812213218,0.0008349893321523346,1.0
77.47257156282714,1.207982360860099,5.075754582947366,13.452155007924038,0.7034792966885642,0.0,-75.2440893096878,33.652052219121714,40.71234065902172,0.24276544527148414,1001.5127039269096,36.49735317328378,4.041461476025303,2.561997182780587e-06,0.0
64.90844932188236,0.5002463449040285,8.665564158963381,6.524562025034006,0.11297631468276495,1.0,-8.352496394000783,0.867928042192341,2.620174384091062,0.11285478923020828,563.9522100872335,168.73617527509458,0.0904597055137728,0.047951581668725304,1.0
62.193593982270066,1.1975186679325203,9.087769322976651,6.575786799808285,0.23921081117307735,1.0,-6.536613380554537,3.8910832283815533,8.072727565967183,0.14062637845807702,625.5956123895405,95.08634856510501,0.9350832456671356,0.001076569620858645,1.0
75.01374079300378,0.9831778806063596,9.835293070186975,6.973391195153768,0.31261017125480406,1.0,-24.1976450451694,6.6453081036931385,12.060178819975752,0.1567742376760569,679.9336441466928,75.83901991727615,1.426191691304871,0.0002513517079895671,1.0
73.79588802459091,0.8120481508654698,8.575684955816648,13.351487930653505,0.23974181844727133,1.0,-31.039379043085983,3.9083774868434995,8.099622598948708,0.1407432000583997,625.9577899346934,94.9120846530636,0.9386361670653789,0.0010638397196826447,1.0
70.48008841760851,0.5165792742690191,4.08276950817283,7.278680927129535,0.2628008610555377,1.0,-23.007310165212907,4.696371894864177,9.295853409024332,0.1458161894322183,642.1938180568699,87.91535901532376,1.0929221248806886,0.0006484124066818619,1.0
67.55936820044664,1.4829626742670885,5.47343003624073,10.889157866512015,0.4859068948461329,0.0,-18.48195662525275,16.05517471121274,23.37107467800895,0.19489951686614926,823.1740495961908,51.31488373161474,2.5857043146068532,2.1364430188607248e-05,0.0
78.27826241046296,0.5213752732313235,8.413002020777299,9.783205512182702,0.2252125905945528,1.0,-50.8157414631213,3.449008345437056,7.374593565396023,0.13754676993080162,616.2625964762885,99.92275404475735,0.841422424341735,0.0014860333872455098,1.0
66.7795114838983,1.5588247762904672,5.847414295499882,12.63822844753532,0.4567142484451906,0.0,-18.210484817741985,14.183977521834159,21.29687745744672,0.1884771346579419,798.6461567573537,54.27121910303766,2.390378971415094,3.0336983853139433e-05,0.0
62.49460270628173,1.1564565223254433,9.68494861501058,8.330894728822676,0.21163168737025695,1.0,-7.265596063570739,3.045582034744388,6.717692692176555,0.13455897122145652,607.6400500927017,105.10959232962651,0.7505538354955374,0.00206708935647598,1.0
72.32533833538392,0.6173599026622395,4.6526152162968435,9.03737555550263,0.2975598415719239,1.0,-29.925753062198766,6.020846433508974,11.199807777970905,0.15346316514582325,668.2187801493448,79.12306518389629,1.325491303608509,0.0003295525283018224,1.0
56.05900758953583,0.8098690159903839,9.885299150109015,9.534798111137123,0.12122569635008486,1.0,-4.774635318876064,0.9993055229782825,2.912333608127689,0.11466965319701866,565.9184865537569,160.60673477288137,0.14565556830602233,0.03439475879716,1.0
66.60950491975643,0.7436170637320669,4.375745773098282,9.283037849786277,0.2902426674010178,1.0,-17.699430622990338,5.728374806643933,10.789243029005805,0.1518533868282239,662.6108810224712,80.82466614214458,1.2765327564286282,0.00037766095207429954,1.0
73.36161657000241,1.6752246552431418,9.022938005959316,9.146761756328939,0.4955144742308004,1.0,-23.044381695256586,16.696352403711405,24.067645621209856,0.19701318433077608,831.2370210184123,50.411128025111005,2.6499877548533557,1.9118304373615012e-05,0.0
70.71712913040928,1.5080375211885804,4.689633403138734,9.977259014693011,0.6542956936765078,0.0,-26.58430058884953,29.11099412392633,36.51826902290442,0.2319450526088317,962.2055111678845,39.04609987950759,3.71237845950827,3.895299028194994e-06,0.0
61.35649506114724,0.8256194192494203,4.829594095619432,8.011025319041376,0.25721713838366267,1.0,-9.687143059865916,4.498924626923058,9.00116958725626,0.1445877704444058,638.1763698713465,89.51323531194771,1.055561944094325,0.0007283144339463648,1.0
55.157243051403384,1.140446266127746,7.49322181044377,6.851121087068448,0.22372791946190537,1.0,-4.3625048692537165,3.4036843723791916,7.301790474781178,0.13722014228161916,615.2982428378917,100.46472443899594,0.8314886247632942,0.0015392990648478166,1.0
59.246598515298125,1.4296192744183036,9.49188512619613,14.556854470362557,0.2174718709461776,1.0,-7.864968640909833,3.2159929963925027,6.99767433431428,0.13584381160815906,611.2922236611695,102.81454981684308,0.7896299728762428,0.0017896366777473169,1.0
67.25226317755131,1.762848556017311,4.905052786521824,10.139387538175292,0.6322772268730846,0.0,-18.43817860962119,27.184665430317633,34.69048730314561,0.2271009899120786,944.3903233488343,40.30619653836911,3.565054899805366,4.744874839247432e-06,0.0
56.77639233900066,1.4685221701155218,7.768637866359935,13.070826363850834,0.25217690322328923,1.0,-7.019524445619877,4.324336955311596,8.737899625525955,0.14347891870912363,634.5951461691724,91.00629368644789,1.0218381888394625,0.0008104520457969657,1.0
71.77992447165121,0.7335777271406939,9.041187019291504,6.590520758516969,0.21091212237848525,1.0,-16.311551997036474,3.024906788901405,6.683460777006832,0.13440066692326674,607.1961518625668,105.39947224110902,0.7457392915505925,0.0021046275240946006,1.0
77.94921532155755,1.349963178637553,5.310437402858945,7.833240490838129,0.8624542968654285,0.0,-55.03676909059189,50.58026416435157,55.26538834305636,0.27773994531039425,1123.695067856294,30.138495806827002,5.1051487499359585,7.820239263860851e-07,0.0
60.35995934415226,1.4079378071625333,9.531668609814936,11.372851521132182,0.23122849260276088,1.0,-7.328752045469248,3.6357298738114627,7.672044491609231,0.13887026837260738,620.2215197243013,97.7852554891873,0.8816742777784732,0.0012910725515783788,1.0
62.69312362356901,1.082320177574812,7.558244431728232,7.682273348866904,0.24712952569036914,1.0,-8.042897147591749,4.152964167820384,8.476880174469313,0.1423684956518812,631.0541267293993,92.55222932189184,0.9880666446191972,0.000903737475950607,1.0
74.9119733588501,1.718679987608924,5.378047746095556,7.503164632975853,0.8828444851026344,0.0,-33.63898565489087,53.00017817157722,57.236807670131945,0.2822257867225796,1138.8233898887888,29.479726191418035,5.241577645777626,6.819627857239798e-07,0.0
59.01171035659001,1.2998284285982646,7.762189847649588,10.071520367908036,0.2488644476687298,1.0,-6.968499166799946,4.211478905315413,8.566301948003632,0.14275017848712054,632.2660187656285,92.01495933862903,0.9996748498562289,0.0008703262687562434,1.0
61.908770901191076,1.7808556754127078,4.9558386756317905,12.89285633060497,0.5040011972014634,0.0,-13.861128485351802,17.273170061074573,24.688598832123933,0.19888026338432196,838.3524684221468,49.638881899382575,2.7067716467297918,1.7360452943521722e-05,0.0
76.06578632850406,1.6273559103156559,6.125469353629361,14.467220248967575,0.7220289566128305,0.0,-55.775439502233,35.45015536474406,42.333191713093115,0.24684637045482272,1016.1563690618444,35.620425586952614,4.165575564245849,2.203227377866344e-06,0.0
67.94186083007904,0.5655238163780858,5.59324886754057,6.47467350982089,0.203924059869039,1.0,-13.697379979420145,2.8277815091560554,6.35406705901303,0.13286329317118858,602.9575698623594,108.30009576163476,0.6989828005782972,0.0025136669604594757,1.0
74.27743214161418,1.660725049615172,9.910496722275884,7.204697811976663,0.49904886505048207,1.0,-22.148275035861335,16.93538434015585,24.32560772920808,0.19779075031110604,834.2011977093322,50.08661660282554,2.6736360425195898,1.8362136364114026e-05,0.0
65.56712314133085,1.074152935687704,8.044526043298463,9.39441946947029,0.24602960679941346,1.0,-11.059473263676672,4.116078584687432,8.420350112313123,0.14212651349587097,630.2887108885539,92.89611366012356,0.9807071873124391,0.0009256945495886719,1.0
74.63336377583282,1.1932517052986906,5.543553990845545,10.85265817611453,0.5501060922832332,0.0,-40.12261297735438,20.577936468164776,28.15261704602528,0.2090233403023113,876.8410976107508,45.82523049444526,3.0152553083678155,1.0543321276364823e-05,0.0
56.189836654736155,0.7552061636440179,7.853538283289133,10.028673776090058,0.13433265518133355,1.0,-5.656389245459791,1.22707783286856,3.397202923910868,0.11755318413989338,569.805106904908,149.1868056310881,0.23335303830419574,0.020971912054506794,1.0
69.27625321470707,1.7325551408045186,8.816239657180232,9.700897941790382,0.42290975780300405,1.0,-15.204843257284852,12.161981100659697,18.97669813888667,0.18104014671666088,770.2664411777072,58.15062926118653,2.164196197663736,4.6790306783257344e-05,1.0
59.32705349409102,0.9646016890081173,7.241585901062065,13.74957711141438,0.1845008766064133,1.0,-9.11781539635904,2.3147589958603763,5.468229602573629,0.12859019285341092,591.9244903288954,117.2703505332991,0.5690240471120014,0.004239270177393882,1.0
76.73641920177721,1.768898977568651,7.648025619160546,12.59786883817279,0.7015238546846152,0.0,-48.45542705015367,33.465228871026156,40.542708220243064,0.24233524803061535,999.9631589660607,36.592318166055634,4.028377791344335,2.6036364787724385e-06,0.0
71.03144399802042,1.5408605363394252,8.973094651332179,6.909170220604229,0.4264639662445422,1.0,-15.356466172911631,12.367262986341771,19.216425353835895,0.1818220725737993,773.2454338460135,57.71685153182349,2.1879770832362095,4.463958327045281e-05,1.0
61.1157611648625,1.5385709532684246,5.725468275945251,13.816861371458025,0.3732566707288367,1.0,-12.34173935038851,9.473796872563115,15.734772127639923,0.17011646756034407,728.9314929211473,64.97239595219075,1.8319719059674888,9.414298886745948e-05,1.0
60.71477833725422,0.6700820744255547,4.615510978317485,11.253976741251734,0.1989542977121566,1.0,-12.067261236801471,2.6916312553133466,6.123208929780607,0.13176994549667445,600.0261103348536,110.46204163864554,0.6657305737831567,0.002861303103958519,1.0
75.19361274633758,0.8678406180095785,4.3881270484464885,7.418473720733655,0.5373914428689233,0.0,-39.33898632616224,19.63769027507454,27.18223800291927,0.20622611743116312,866.2602398589345,46.8171614242202,2.930182745013887,1.2048910629618953e-05,0.0
57.34379040371988,1.588449196489876,5.869366335083766,12.272088821083651,0.34979753047367507,1.0,-8.480377426435707,8.320365238132752,14.274936971529288,0.16495545670420853,709.7080889441709,68.78481707332796,1.6750089311693168,0.00013507476261449803,1.0
71.43833198227775,1.2690281011770121,9.219278942566897,13.698480157818295,0.3096644890328902,1.0,-22.769252222247392,6.520662512224066,11.890118928215285,0.15612618758723584,677.6230652694459,76.46014782817554,1.4064823993473379,0.0002647841323277085,1.0
76.27296857086773,1.355887918849748,5.331426202160288,11.270371030895681,0.7145101412383954,0.0,-53.2282157390783,34.7156824514108,41.673664071132514,0.24519223107244698,1010.2329434742726,35.97074586277429,4.115267854104173,2.341114249984873e-06,0.0
56.55529930652529,0.9686553369770825,6.3024530066522235,7.297264205199948,0.22101320300250424,1.0,-5.472923225935621,3.321584841296978,7.169294465498805,0.13662290466055094,613.5483203600866,101.47107113355614,0.8133247037258466,0.0016425587230936454,1.0
72.69361399868384,1.0623473370395689,6.4974276806124,10.145829896528987,0.3889714248966962,1.0,-27.14642804946889,10.2883163182593,16.738850765957647,0.17357371347727318,741.9395949533797,62.64644676238691,1.9371178974906216,7.478409317107728e-05,1.0
61.07803014939094,1.4500040962200345,8.25316427859109,9.227013012252822,0.28413482840486687,1.0,-7.4594888447762475,5.489816848461094,10.450469401824252,0.1505096622490707,657.9785982212204,82.30210580346508,1.2356657609634727,0.0004241808696433297,1.0
65.94793695641246,1.7436993084694987,4.446058511803713,12.040184589870183,0.6255371784347294,0.0,-19.90735839522114,26.608179789077614,34.13726951984058,0.22561817925564048,938.911103553693,40.70834423017186,3.5199578484360083,5.046807314133407e-06,0.0
68.73763594734808,1.6414379220482267,4.796691676229968,10.255593637985594,0.635972018304543,0.0,-21.755548393721714,27.50330774851207,34.9950084329622,0.22791384402699946,947.3888745681717,40.0890987768996,3.589776413383124,4.588301445335945e-06,0.0
74.09866315449244,0.7131572272748292,5.048308648221015,9.59702624121358,0.35130245623178913,0.0,-36.677463537171455,8.392112271305193,14.367158076942642,0.1652865403709936,710.932814788402,68.52686688794205,1.6850782526054249,0.00013189471246583199,0.0
58.171776023600366,0.7236208395446133,8.589138214944082,14.022635896321878,0.11689270730782397,1.0,-7.582912297266283,0.929145541479177,2.757593309156563,0.11371639560772127,564.8374980738619,164.77652285475745,0.11666393253234952,0.040865485304136556,1.0
76.69511946600039,1.1760862149698674,8.682379767294371,7.938541707146199,0.45440864775444234,1.0,-34.68258921182197,14.041130902473418,21.13581370616136,0.1879699025059773,796.7085196733472,54.51928733265419,2.3749524067933603,3.121659192069713e-05,0.0
56.611847857721706,1.6907640398260386,8.73296764383138,14.144195801284772,0.2594000465395216,1.0,-6.767595455244971,4.575610121840006,9.115996824737213,0.14506801023869476,639.7408432417046,88.88169315930357,1.0701675841189808,0.0006957812436467595,1.0
59.48505336791908,1.5118401219374977,5.18614561682253,8.377819295591403,0.41900305803253773,1.0,-8.276434387945882,11.938322259562035,18.714355695215215,0.1801806727671583,766.9940526249176,58.63501213694037,2.138056824654071,4.92951958907769e-05,1.0
78.16370738839912,1.0934599318726963,9.620227319180154,7.543227247421373,0.43758290093533975,1.0,-41.00903100710791,13.020558072987141,19.972829994342344,0.18426823820577476,782.5742332693051,56.40066529660129,2.262372864440091,3.8619189582671824e-05,1.0
77.7121921678335,0.8998659714387213,8.01123260859816,11.303008808234589,0.37693598236856923,1.0,-51.51477001870577,9.661489966682767,15.967998627343508,0.1709259161210852,731.9690163806956,64.41246729178134,1.856589845666063,8.913189177609996e-05,1.0
74.55882579999692,1.700577977560664,8.388646765269254,14.950280989722247,0.5243414014158393,0.0,-37.34015004904786,18.69550555623339,26.198131423376008,0.20335510831148462,855.3719213283823,47.88092923861713,2.842866104018707,1.3861343834113294e-05,0.0
58.46860963651054,1.5687882421481791,9.503689532886336,14.199358807813226,0.23501357138494353,1.0,-7.312798362777284,3.7557337539872044,7.861193822330996,0.1397029857046876,622.753135279396,96.4866334833512,0.9069998958119858,0.0011836885220078575,1.0
58.00123026858886,1.553633318555276,9.120658208476438,8.5606185573064,0.2643605091376662,1.0,-5.396071516842517,4.752280557823774,9.37872841985031,0.14615931201028656,643.3249956065011,87.4791813877521,1.1033575884120208,0.000627953267564288,1.0
60.84543179618417,1.7910205733958047,6.1373264898280295,8.368110180762686,0.450378048833934,1.0,-8.230685610046065,13.793146307259377,20.85522661919012,0.18708317074346548,793.3214891186518,54.95844604711413,2.347984035834322,3.282678190269315e-05,0.0
75.28253995111963,1.4778627024211344,4.128576870964049,11.181786412522598,0.9024569222013255,0.0,-55.07950157500174,55.38113775717807,59.154639425989046,0.2865405228842916,1153.2602107893676,28.872696873725058,5.372802679456141,5.994958294924321e-07,0.0
58.52953590253441,1.2830917515662326,4.414355372255718,14.342221498766872,0.356230811311083,1.0,-12.836581928334667,8.629226583059962,14.670547123272492,0.16637077848843823,714.9523735859281,67.69550520120711,1.7180534284087003,0.00012207559501960672,1.0
62.74585480817986,0.9071327270046544,9.270651641616203,9.7238840189453,0.16808926487130652,1.0,-8.214959895043373,1.9212720656183842,4.7550934620869265,0.12497963827168743,583.5744130867554,126.09515656915816,0.4592154449571053,0.006845265008963059,1.0
73.2442314127068,0.7946508294426338,6.788929367144138,10.639560412995063,0.2868284394967405,1.0,-29.08751180828769,5.594397651881201,10.599427433756384,0.1511022566892829,660.0157881849368,81.64393731446219,1.2536884679054636,0.00040288582629065424,1.0
59.930192739144246,1.5651484749195816,4.765320770873508,9.366988474682612,0.45910532889398037,1.0,-9.759001704146145,14.332883805281792,21.464342582671502,0.18900317235667569,800.6557116493316,54.01632715128541,2.406377473326996,2.945513523731039e-05,0.0
55.69184418955155,1.6284944348283548,4.98231199890207,7.466811753401403,0.43637456079552583,1.0,-6.044270683028472,12.948747497045188,19.890157761525035,0.18400240337501567,781.5598549642601,56.54078608679769,2.2542879704136998,3.9225423314578125e-05,1.0
65.27812940354315,0.7526977116283657,7.434395945372243,6.02953821397891,0.197897458026346,1.0,-8.92951694760676,2.663111464743678,6.074484306509454,0.13153744076579613,599.4119626999416,110.93296485951608,0.658659355521733,0.0029422697928552823,1.0
72.51105884109961,1.0680026588063716,4.458577670950926,8.438976703021165,0.5450189772116605,0.0,-30.061409333000395,20.199106615417424,27.763008581643202,0.2079041749865653,872.6111842327292,46.21701332765675,2.9812178838889283,1.1117788433657133e-05,0.0
68.99970346578375,1.0349442201890997,6.4027678345146635,7.846362775537734,0.336910972967518,1.0,-15.694304947468936,7.7186122520025355,13.493413352208613,0.16212041405285393,699.2772153862958,71.07578208258437,1.5887861464008477,0.00016630352205303288,1.0
78.08792000243078,1.2345190554341214,8.790869662151447,11.40424238043261,0.4928743181362769,0.0,-52.2644266964038,16.518906356524393,23.875549439077506,0.19643234998998094,829.0220670085992,50.65629203902903,2.632322710439089,1.970688846434227e-05,0.0
59.128390843786406,0.5759760046928242,5.346927255141031,8.060580187057035,0.1556215357225796,1.0,-7.7126264993872855,1.6468282418844802,4.235977414623029,0.12223673785896752,577.9127954481975,133.74085502941887,0.37579500265289667,0.010115865060014197,1.0
66.08368965796609,0.950078412368466,6.972457175630327,10.914103497731293,0.2416571936099464,1.0,-13.79103650722895,3.971077547193588,8.196881982881981,0.1411645825941882,627.2688731865487,94.28877669575905,0.951451768153823,0.001019357714759013,1.0
57.210641953187135,0.533260065800308,5.26610251635851,13.866189969202551,0.12469539151412017,1.0,-9.9573719809418,1.0573279652104604,3.0382583171771422,0.11543298613310643,566.8588633669485,157.41686006512225,0.16887098322174943,0.030058567471725216,1.0
56.99991047304742,0.5087236279707189,6.6596754125977125,9.836975196575324,0.1052958238545673,1.0,-6.5473541070386165,0.7539303154424204,2.357576593773174,0.11116508124800481,562.4787947050103,177.08138775034558,0.03907023960874123,0.06640898723307988,1.0
71.36656847361066,0.6753740021005202,6.2446254526452645,12.710223666151723,0.2289585547909918,1.0,-27.6879252421948,3.5646973472146124,7.559349123561048,0.1383708820540182,618.7182084869679,98.58095235904928,0.8664863302379087,0.0013609125838299134,1.0
61.465012501555876,1.4181480765356609,7.7439202530764595,14.272328089732202,0.2706674243998706,1.0,-10.477814143366995,4.981738114925658,9.716348339213864,0.14754683336797153,647.9376330597713,85.75863311175519,1.1455565850754983,0.0005525447483647927,1.0
59.70904407269841,0.7483437956333607,4.8650602024706595,12.5848735350125,0.20270843243308465,1.0,-11.710264446906251,2.794168183404534,6.297335238177099,0.1325958551352786,602.2339953000885,108.82106202483686,0.6908491479159118,0.0025939300716221413,1.0
66.38970333988966,1.4047137687951632,5.113630359140466,14.792882101925262,0.4405005152445351,0.0,-21.758237155078536,13.194767867287661,20.172917937549773,0.1849101133537977,785.0239883201934,56.06518065794507,2.2818943565452527,3.7199896592863125e-05,0.0
78.70289995032044,1.016980216417084,7.943774480054504,9.914514835837268,0.4762146347361899,0.0,-56.95122493738383,15.421065726910749,22.67530813245733,0.19276721964196178,815.0336969472646,52.26004406697417,2.5208542833257797,2.3948310489863368e-05,0.0
69.02408280580411,0.8510758318698048,5.510767491969103,7.3564069866916215,0.31709609047765774,1.0,-16.530343804820955,6.837395280542614,12.320701110960425,0.1577611399050847,683.4677253452235,74.91226606150335,1.4562065690141464,0.00023239288860872045,1.0
73.11430218751667,0.9420648433652943,6.749844663003942,9.762831257974057,0.34453001256580756,1.0,-27.25707245758434,8.071663209984495,13.953709611933206,0.16379660276447766,705.4317864447086,69.70318891877206,1.63976444771304,0.00014693250965379728,1.0
78.57767679406922,0.6029393484928139,8.915348583170672,8.16678708841947,0.2625764736231794,1.0,-47.39153042595802,4.688355506026126,9.283950323771325,0.14576682419709946,642.0313932015653,87.97847029636691,1.0914207689696367,0.0006514194132879909,1.0
56.41982042272129,1.2723051963486391,9.956088188647804,12.328628361308978,0.18059955827163424,1.0,-5.641022072241263,2.2179016304578396,5.29570904638246,0.12773190281975952,589.853394773286,119.25434812674895,0.5429206807992981,0.004734931132869985,1.0
69.19106382271309,1.386121399437875,7.551487219453611,13.018582546282637,0.36185226957723005,1.0,-19.69277273996866,8.90372041987708,15.019173771785745,0.1676074993069906,719.5527835565492,66.771515010052,1.7556660946258305,0.00011189943453151298,1.0
74.46562690393276,1.3272891742080648,9.00396734912503,8.50998610796041,0.4246717706252689,1.0,-25.63777454686926,12.263535668088068,19.095418464740455,0.18142778953755917,771.7430793975795,57.934770301960846,2.1759856652745264,4.5709322084934196e-05,1.0
58.60361627104947,1.128626213392712,5.427848129830496,14.385042959878525,0.26486529287240845,1.0,-11.020095368342702,4.770446389050296,9.40560358816778,0.14627036443192987,643.6919259587298,87.33893707091976,1.1067350504917512,0.0006214936062243839,1.0
64.70054298341287,1.3392540376482112,4.071301233485098,7.907430669538128,0.5330589117775416,0.0,-14.090560702441783,19.32232263293107,26.854180474403783,0.20527296059105915,862.6484053653433,47.16504532305692,2.901194173347915,1.261817173628817e-05,0.0
74.30516579170144,0.763549424310688,4.705137576669212,8.820673824272612,0.4096010981295939,0.0,-37.3285719320961,11.408568052049906,18.08800874015305,0.17811224158851063,759.1289880017468,59.83449585284894,2.0751491656671006,5.5992720643210974e-05,0.0
75.56059251776477,1.2391767456131144,9.40954060058932,8.290976047905348,0.41135250869155565,1.0,-28.80602221269802,11.506340275664874,18.204146258486325,0.17849755191214223,760.5928777068373,59.6073490051954,2.0868676945180447,5.466833066875136e-05,1.0
68.68014818108594,0.7182000580736134,5.646034064867319,8.789061578554971,0.2500522483513049,1.0,-17.535599160049433,4.251776629576901,8.627703993446927,0.14301149463728707,633.0989268662591,91.65070467261641,1.0076223162414584,0.0008482813980757078,1.0
