design_id,theta_deg,thickness_t_mm,length_l_mm,height_h_mm,relative_density,poisson_ratio,total_mass_kg,f1_hz,peak_stress_3sigma_mpa,payload_grms,transmissibility_ratio,margin_of_safety_yield,fatigue_damage_steinberg
pareto_000,70.55,1.800,7.66,8.00,0.5407,-16.9099,0.2069,893.1,50.51,3.13,0.2221,2.64,0.000021
pareto_001,70.55,1.800,7.66,8.00,0.5407,-16.9099,0.2069,893.1,50.51,3.13,0.2221,2.64,0.000021
pareto_002,45.93,1.799,7.65,8.14,0.2905,-2.6470,0.1519,711.8,85.67,4.93,0.3491,1.15,0.000603
pareto_003,66.40,0.600,8.50,13.96,0.1255,-14.6297,0.1156,641.9,167.76,2.81,0.1995,0.10,0.052518
pareto_004,45.01,0.618,7.16,8.32,0.1032,-2.6447,0.1107,632.3,183.70,4.48,0.3164,0.00,0.095893
pareto_005,60.78,0.654,6.51,8.67,0.1553,-8.0689,0.1222,649.8,144.25,3.50,0.2487,0.28,0.019040
pareto_006,61.81,1.772,7.15,8.00,0.4091,-7.9012,0.1780,780.0,64.62,4.04,0.2866,1.85,0.000097
pareto_007,67.97,1.800,8.49,8.82,0.4370,-12.9499,0.1841,804.5,60.22,3.30,0.2337,2.06,0.000062
pareto_008,53.27,0.620,7.73,9.24,0.1074,-4.4777,0.1116,635.8,182.28,4.15,0.2934,0.01,0.091456
pareto_009,68.72,0.813,7.51,9.38,0.2221,-15.4217,0.1369,673.5,107.58,2.93,0.2081,0.71,0.002685
pareto_010,64.94,1.792,7.28,8.40,0.4450,-10.4027,0.1859,807.4,60.04,3.46,0.2451,2.06,0.000061
pareto_011,59.19,0.987,7.05,8.22,0.2137,-6.6274,0.1350,668.8,111.54,3.91,0.2775,0.65,0.003410
pareto_012,70.23,1.800,7.66,8.00,0.5325,-16.3287,0.2052,885.8,51.17,3.15,0.2231,2.60,0.000023
pareto_013,61.73,0.618,7.08,8.41,0.1420,-8.1193,0.1192,645.9,154.06,3.47,0.2464,0.19,0.029604
pareto_014,45.35,1.576,6.29,9.32,0.2831,-3.1591,0.1503,705.1,88.60,4.79,0.3394,1.08,0.000751
pareto_015,62.49,0.618,7.73,9.66,0.1316,-8.8811,0.1170,643.5,161.86,3.28,0.2329,0.14,0.041263
pareto_016,59.45,1.673,7.12,8.06,0.3632,-6.6418,0.1679,748.4,71.30,4.25,0.3014,1.58,0.000182
pareto_017,64.53,1.736,6.06,8.01,0.4969,-10.8539,0.1973,855.2,54.03,3.30,0.2343,2.41,0.000032
pareto_018,61.11,1.794,5.89,8.21,0.4718,-8.5140,0.1918,833.3,57.41,3.94,0.2784,2.20,0.000046
pareto_019,60.98,0.620,8.47,9.47,0.1181,-7.4049,0.1140,641.1,174.45,3.60,0.2554,0.05,0.068418
pareto_020,71.15,1.748,8.44,8.21,0.4962,-17.3929,0.1972,851.9,54.36,3.21,0.2274,2.38,0.000033
pareto_021,61.13,1.792,7.18,8.20,0.4026,-7.5813,0.1766,775.6,65.36,4.11,0.2913,1.82,0.000104
pareto_022,46.56,1.542,7.12,8.06,0.2655,-2.8534,0.1464,698.7,93.02,4.83,0.3420,0.98,0.001037
pareto_023,51.45,1.657,8.39,9.24,0.2609,-3.7947,0.1454,695.8,93.23,4.62,0.3277,0.97,0.001048
pareto_024,59.01,1.618,5.40,8.00,0.4331,-7.5656,0.1833,799.5,61.40,4.18,0.2970,2.00,0.000070
pareto_025,53.32,1.787,7.85,9.25,0.3059,-4.4529,0.1553,719.8,81.44,4.59,0.3250,1.26,0.000432
pareto_026,70.00,1.789,7.52,8.88,0.5218,-17.0414,0.2028,875.7,52.16,3.16,0.2240,2.53,0.000025
pareto_027,68.53,0.947,7.10,9.51,0.2683,-15.7723,0.1470,693.2,91.98,3.01,0.2135,1.00,0.000953
pareto_028,65.75,0.613,8.50,13.96,0.1252,-13.8056,0.1155,642.4,168.57,2.81,0.1997,0.09,0.054306
pareto_029,50.88,1.799,6.93,9.24,0.3250,-4.1104,0.1595,730.0,77.66,4.70,0.3328,1.37,0.000317
pareto_030,59.09,0.917,5.40,8.00,0.2458,-7.6023,0.1421,681.9,99.70,3.76,0.2671,0.85,0.001621
pareto_031,64.28,1.604,7.10,9.21,0.3906,-10.5240,0.1739,763.2,67.60,3.39,0.2408,1.72,0.000129
pareto_032,66.45,0.813,7.57,9.38,0.2019,-12.3747,0.1324,664.9,115.82,2.91,0.2063,0.59,0.004380
pareto_033,59.16,1.748,8.46,8.21,0.3273,-5.9767,0.1600,728.7,77.50,4.31,0.3051,1.37,0.000313
pareto_034,64.88,0.956,7.10,9.51,0.2361,-11.2800,0.1399,680.6,101.88,3.02,0.2141,0.81,0.001875
pareto_035,62.45,1.797,6.05,8.21,0.4803,-9.2981,0.1937,839.0,56.47,3.70,0.2614,2.26,0.000042
pareto_036,68.55,0.813,7.30,8.05,0.2323,-14.1453,0.1391,677.8,103.41,2.95,0.2094,0.78,0.002066
pareto_037,60.61,1.765,7.53,9.31,0.3669,-7.6294,0.1687,749.2,70.79,4.03,0.2857,1.60,0.000173
pareto_038,58.60,1.684,5.78,8.03,0.4226,-7.0525,0.1810,791.1,62.67,4.29,0.3042,1.94,0.000080
pareto_039,70.23,1.757,7.68,8.00,0.5183,-16.3019,0.2020,872.2,52.33,3.17,0.2246,2.52,0.000026
pareto_040,65.07,0.812,7.51,9.38,0.1933,-10.9975,0.1305,662.3,119.52,2.97,0.2104,0.54,0.005402
pareto_041,59.37,1.786,5.62,8.21,0.4652,-7.6946,0.1904,827.4,57.81,4.17,0.2949,2.18,0.000048
pareto_042,64.65,0.735,6.67,8.00,0.1957,-10.3677,0.1311,663.4,118.59,3.07,0.2179,0.55,0.005131
pareto_043,57.16,1.507,6.97,8.35,0.3126,-5.8216,0.1568,718.2,81.07,4.32,0.3064,1.27,0.000418
pareto_044,65.06,1.657,5.98,8.00,0.4887,-11.4526,0.1955,848.4,54.90,3.24,0.2303,2.35,0.000035
pareto_045,56.27,1.645,8.39,8.00,0.2920,-4.8135,0.1522,710.6,85.14,4.48,0.3174,1.16,0.000577
pareto_046,60.59,0.630,5.69,8.40,0.1670,-8.4775,0.1247,652.6,137.25,3.43,0.2433,0.34,0.013633
pareto_047,60.54,0.646,6.19,8.19,0.1609,-7.8982,0.1234,651.1,141.15,3.54,0.2517,0.30,0.016457
pareto_048,64.51,1.764,7.72,8.07,0.4151,-9.4919,0.1793,782.5,64.19,3.67,0.2600,1.87,0.000093
pareto_049,57.75,1.765,5.85,8.00,0.4299,-6.5727,0.1826,797.3,61.69,4.40,0.3121,1.98,0.000072
pareto_050,69.79,1.781,7.81,8.09,0.5073,-15.5218,0.1996,862.7,53.30,3.19,0.2260,2.45,0.000029
pareto_051,65.10,1.798,6.39,8.18,0.5009,-11.1938,0.1982,859.5,53.70,3.27,0.2322,2.43,0.000030
pareto_052,59.09,1.025,5.40,8.06,0.2744,-7.6398,0.1484,694.5,90.82,3.82,0.2713,1.03,0.000876
pareto_053,56.59,1.638,5.77,8.32,0.3899,-6.2730,0.1738,766.7,67.22,4.41,0.3128,1.74,0.000125
pareto_054,53.82,1.747,5.89,8.27,0.3869,-5.1254,0.1731,765.9,67.66,4.63,0.3282,1.72,0.000130
pareto_055,66.40,1.507,8.43,13.34,0.3199,-14.2822,0.1584,717.6,79.51,3.09,0.2194,1.31,0.000366
pareto_056,70.10,1.781,7.81,8.09,0.5145,-16.0427,0.2012,869.0,52.68,3.18,0.2251,2.49,0.000027
pareto_057,58.49,1.645,5.76,8.00,0.4133,-7.0003,0.1789,783.7,63.89,4.29,0.3043,1.88,0.000090
pareto_058,66.62,1.026,7.18,8.07,0.2755,-11.8974,0.1486,698.4,90.02,3.06,0.2166,1.04,0.000829
pareto_059,59.40,1.495,7.12,8.00,0.3247,-6.5946,0.1594,723.1,78.72,4.17,0.2960,1.34,0.000345
pareto_060,60.90,1.749,7.41,8.00,0.3824,-7.2146,0.1721,761.1,68.24,4.15,0.2946,1.70,0.000137
pareto_061,61.37,1.790,7.10,9.57,0.3959,-8.5085,0.1751,768.5,66.60,3.88,0.2754,1.76,0.000118
pareto_062,65.42,1.798,6.39,8.18,0.5064,-11.5046,0.1994,865.1,53.24,3.24,0.2301,2.46,0.000029
pareto_063,58.72,1.765,5.71,8.13,0.4471,-7.2257,0.1864,811.4,59.70,4.27,0.3028,2.08,0.000059
pareto_064,64.19,1.397,7.90,9.73,0.3078,-10.1273,0.1557,712.1,82.48,3.33,0.2360,1.23,0.000466
pareto_065,70.11,1.799,7.54,8.89,0.5258,-17.2155,0.2037,879.4,51.83,3.15,0.2235,2.55,0.000024
pareto_066,59.78,1.792,7.84,8.82,0.3569,-6.7857,0.1665,745.1,72.14,4.20,0.2975,1.55,0.000196
pareto_067,65.10,1.798,7.06,8.45,0.4594,-10.7664,0.1891,820.6,58.16,3.38,0.2396,2.16,0.000050
pareto_068,65.77,0.958,7.06,8.25,0.2518,-11.2613,0.1434,687.9,96.82,3.06,0.2169,0.90,0.001340
pareto_069,53.81,1.748,5.57,8.00,0.4068,-5.1925,0.1775,778.4,65.07,4.65,0.3298,1.83,0.000102
pareto_070,70.69,1.792,8.43,9.61,0.4842,-17.9775,0.1945,841.9,55.75,3.23,0.2286,2.30,0.000038
pareto_071,68.40,0.733,5.77,8.03,0.2520,-15.9236,0.1434,685.9,96.96,2.99,0.2118,0.90,0.001350
pareto_072,61.09,1.721,5.96,8.18,0.4480,-8.4207,0.1866,812.1,59.99,3.96,0.2807,2.07,0.000061
pareto_073,66.01,0.917,7.18,8.55,0.2383,-11.6396,0.1404,681.6,101.10,3.01,0.2128,0.82,0.001781
pareto_074,64.52,1.762,7.10,9.57,0.4292,-10.9789,0.1824,795.1,61.90,3.37,0.2389,1.97,0.000074
pareto_075,60.44,1.794,5.89,8.41,0.4608,-8.2170,0.1894,823.5,58.49,4.02,0.2847,2.15,0.000052
pareto_076,60.61,1.743,7.41,8.00,0.3783,-7.0602,0.1712,758.5,68.84,4.18,0.2965,1.67,0.000145
pareto_077,70.19,1.607,7.59,9.21,0.4658,-17.6411,0.1905,824.7,57.66,3.26,0.2309,2.19,0.000047
pareto_078,69.03,0.657,8.04,8.29,0.1760,-14.3237,0.1267,655.2,129.27,2.87,0.2033,0.42,0.009110
pareto_079,64.88,0.851,7.20,9.47,0.2080,-11.1616,0.1337,668.4,112.80,2.98,0.2112,0.63,0.003678
pareto_080,66.20,1.754,6.29,9.32,0.5021,-13.4656,0.1985,860.5,53.85,3.19,0.2261,2.42,0.000031
pareto_081,66.48,0.896,8.50,14.00,0.1879,-14.7666,0.1293,659.3,124.34,2.88,0.2040,0.48,0.007035
pareto_082,45.13,1.687,6.72,8.01,0.2988,-2.7081,0.1537,714.7,84.53,4.93,0.3487,1.18,0.000553
pareto_083,53.70,1.792,6.65,9.25,0.3512,-5.0520,0.1653,744.2,72.91,4.56,0.3236,1.52,0.000211
pareto_084,70.23,1.784,7.66,8.00,0.5278,-16.3287,0.2041,881.3,51.54,3.15,0.2235,2.57,0.000024
pareto_085,53.67,1.680,7.32,8.15,0.3145,-4.4036,0.1572,724.4,79.97,4.62,0.3274,1.30,0.000385
pareto_086,66.40,1.507,8.43,13.81,0.3178,-14.5987,0.1579,716.5,79.91,3.09,0.2191,1.30,0.000378
pareto_087,68.36,1.799,7.54,9.18,0.4848,-14.6827,0.1946,843.4,55.53,3.22,0.2284,2.31,0.000037
pareto_088,45.29,1.687,6.72,8.14,0.2982,-2.7602,0.1536,714.5,84.59,4.92,0.3479,1.18,0.000556
pareto_089,57.75,1.645,5.85,8.00,0.4007,-6.5727,0.1761,774.6,65.62,4.36,0.3096,1.80,0.000107
pareto_090,57.91,0.602,7.73,10.11,0.1125,-6.4710,0.1127,639.7,179.69,3.79,0.2685,0.02,0.083503
pareto_091,54.30,1.710,6.54,9.77,0.3391,-5.4966,0.1626,734.9,75.35,4.45,0.3153,1.44,0.000260
pareto_092,67.25,1.799,7.67,9.53,0.4542,-13.3409,0.1879,818.1,58.61,3.27,0.2317,2.14,0.000052
pareto_093,70.45,1.800,7.78,8.00,0.5311,-16.5817,0.2048,884.3,51.28,3.15,0.2232,2.59,0.000023
pareto_094,61.46,1.748,5.98,8.33,0.4569,-8.7414,0.1885,819.5,59.13,3.88,0.2744,2.11,0.000056
pareto_095,48.84,1.505,7.10,8.14,0.2669,-3.3034,0.1467,699.2,92.31,4.74,0.3356,0.99,0.000984
pareto_096,64.87,1.128,7.10,9.20,0.2801,-11.0564,0.1496,700.4,88.93,3.13,0.2216,1.07,0.000765
pareto_097,49.63,1.794,8.46,8.45,0.2788,-3.1965,0.1493,706.8,87.93,4.79,0.3396,1.09,0.000715
pareto_098,62.22,1.788,7.18,9.29,0.4037,-8.8665,0.1768,774.0,65.65,3.81,0.2701,1.80,0.000107
pareto_099,64.63,0.825,7.30,8.07,0.2038,-9.8834,0.1328,667.0,114.66,3.18,0.2256,0.60,0.004104
